#context,
#duration,s,29.2174
count,time
0,1653146944195727755
1,1653146944938323268
2,1653146945638453908
3,1653146946397186509
4,1653146947097321412
5,1653146947817737231
6,1653146948517868138
7,1653146949267635877
8,1653146949967764561
9,1653146950680391668
10,1653146951380522689
11,1653146952121064458
12,1653146952821196773
13,1653146953517693947
14,1653146954217764889
15,1653146954940927543
16,1653146955641058360
17,1653146956349847494
18,1653146957049980306
19,1653146957750861842
20,1653146958450994980
21,1653146959151952961
22,1653146959852087343
23,1653146960636207802
24,1653146961336338342
25,1653146962059852051
26,1653146962759988296
27,1653146963455741358
28,1653146964155872013
29,1653146964853643929
30,1653146965553776514
31,1653146966297069509
32,1653146966997200507
33,1653146967691608105
34,1653146968391739115
35,1653146969161420314
36,1653146969861551352
37,1653146970557682904
38,1653146971257765670
39,1653146971974153821
40,1653146972674286121
41,1653146973413009736
42,1653146973413128370
